{
  "w_elo": 0.3833324302740273,
  "w_dc": 0.39179506557613464,
  "w_stacker": 0.22487250414983806
}