{
  "w_elo": 0.42272828254592126,
  "w_dc": 0.3816593817041494,
  "w_stacker": 0.19561233574992928
}